"region","gross_profit"
"Northern-Irl","1583.181973231799"
"cannught","1588.9350057963"
"leinster","-4683.543219884"
"munster","22222.428025582501"
"ulster","-32550.514920094102"
